SeriesInstanceUID,Left Infraclinoid Internal Carotid Artery,Right Infraclinoid Internal Carotid Artery,Left Supraclinoid Internal Carotid Artery,Right Supraclinoid Internal Carotid Artery,Left Middle Cerebral Artery,Right Middle Cerebral Artery,Anterior Communicating Artery,Left Anterior Cerebral Artery,Right Anterior Cerebral Artery,Left Posterior Communicating Artery,Right Posterior Communicating Artery,Basilar Tip,Other Posterior Circulation,Aneurysm Present
1.2.826.0.1.3680043.8.498.11098780782340815507287784394577673659,0.01798621,0.01798621,0.01798621,0.01798621,0.49389338,0.01798621,0.91176987,0.48937768,0.01798621,0.01798621,0.01798621,0.01798621,0.01798621,0.9809833
1.2.826.0.1.3680043.8.498.10163482612339017493097015030860956863,0.01798621,0.01798621,0.01798621,0.01798621,0.47256896,0.01798621,0.85939586,0.45633295,0.01798621,0.01798621,0.01798621,0.01798621,0.01798621,0.9663742
1.2.826.0.1.3680043.8.498.10014757658335054766479957992112625961,0.01798621,0.01798621,0.01798621,0.01798621,0.10788863,0.01798621,0.9387921,0.5,0.01798621,0.01798621,0.01798621,0.01798621,0.01798621,0.97722954
1.2.826.0.1.3680043.8.498.10086325220791440678552106812785190149,0.01798621,0.01798621,0.01798621,0.01798621,0.01798621,0.01798621,0.8216702,0.5,0.01798621,0.01798621,0.01798621,0.01798621,0.01798621,0.9269723
1.2.826.0.1.3680043.8.498.11031239695101994967463593503001530063,0.01798621,0.01798621,0.026382871,0.01798621,0.5,0.01798621,0.87017083,0.5,0.01798621,0.01798621,0.01798621,0.01798621,0.01798621,0.97316146
1.2.826.0.1.3680043.8.498.10743276162988333459718604675735499462,0.01798621,0.01798621,0.01798621,0.01798621,0.01798621,0.01798621,0.5,0.5,0.01798621,0.01798621,0.01798621,0.01798621,0.01798621,0.7952456
1.2.826.0.1.3680043.8.498.10302299037333930209177350775866905985,0.01798621,0.01798621,0.01798621,0.01798621,0.01798621,0.01798621,0.5,0.5,0.01798621,0.01798621,0.01798621,0.01798621,0.01798621,0.7952456
1.2.826.0.1.3680043.8.498.10157259652665015386051954194840128811,0.01798621,0.01798621,0.01798621,0.01798621,0.5,0.01798621,0.749004,0.49824202,0.01798621,0.01798621,0.01798621,0.01798621,0.01798621,0.94748217
1.2.826.0.1.3680043.8.498.10950979111755075304347564599831448092,0.01798621,0.01798621,0.01798621,0.01798621,0.053290788,0.01798621,0.9306934,0.5,0.01798621,0.01798621,0.01798621,0.01798621,0.01798621,0.97263867
1.2.826.0.1.3680043.8.498.11050139196052947564023379619184070183,0.01798621,0.01798621,0.01798621,0.01798621,0.01798621,0.01798621,0.5,0.5,0.01798621,0.01798621,0.01798621,0.01798621,0.01798621,0.7952456
1.2.826.0.1.3680043.8.498.10842633011016124316481111626820905968,0.01798621,0.01798621,0.01798621,0.01798621,0.01798621,0.01798621,0.5,0.5,0.01798621,0.01798621,0.01798621,0.01798621,0.01798621,0.7952456
1.2.826.0.1.3680043.8.498.10840427012331499269134833386069578419,0.01798621,0.01798621,0.01798621,0.01798621,0.01798621,0.01798621,0.9689877,0.5,0.01798621,0.01798621,0.01798621,0.01798621,0.01798621,0.9873002
1.2.826.0.1.3680043.8.498.10378246294519368802215720954506594950,0.01798621,0.01798621,0.01798621,0.01798621,0.01798621,0.01798621,0.5,0.5,0.01798621,0.01798621,0.01798621,0.01798621,0.01798621,0.7952456
1.2.826.0.1.3680043.8.498.10524676737221213850435436390475501565,0.01798621,0.01798621,0.01798621,0.01798621,0.01798621,0.01798621,0.5,0.5,0.01798621,0.01798621,0.01798621,0.01798621,0.01798621,0.7952456
1.2.826.0.1.3680043.8.498.10950784584176028195112826388591006295,0.01798621,0.01798621,0.01798621,0.01798621,0.01798621,0.01798621,0.5,0.5,0.01798621,0.01798621,0.01798621,0.01798621,0.01798621,0.7952456
1.2.826.0.1.3680043.8.498.10813117746808341491077072725787969089,0.01798621,0.01798621,0.01798621,0.01798621,0.01798621,0.01798621,0.5,0.5,0.01798621,0.01798621,0.01798621,0.01798621,0.01798621,0.7952456
1.2.826.0.1.3680043.8.498.10676089719498698917694240829229591167,0.01798621,0.01798621,0.01798621,0.01798621,0.01798621,0.01798621,0.5,0.5,0.01798621,0.01798621,0.01798621,0.01798621,0.01798621,0.7952456
1.2.826.0.1.3680043.8.498.10277844638291810598540567941525974547,0.01798621,0.01798621,0.01798621,0.01798621,0.01798621,0.01798621,0.5,0.5,0.01798621,0.01798621,0.01798621,0.01798621,0.01798621,0.7952456
1.2.826.0.1.3680043.8.498.10934247501385122444418879317492730564,0.01798621,0.01798621,0.01798621,0.01798621,0.01798621,0.01798621,0.5,0.5,0.01798621,0.01798621,0.01798621,0.01798621,0.01798621,0.7952456
1.2.826.0.1.3680043.8.498.10502287394864886953253021532295336627,0.01798621,0.01798621,0.01798621,0.01798621,0.023195893,0.01798621,0.5,0.5,0.01798621,0.01798621,0.01798621,0.01798621,0.01798621,0.79633176
1.2.826.0.1.3680043.8.498.10952947258340598137482942067292515769,0.01798621,0.01798621,0.01798621,0.01798621,0.11466139,0.01798621,0.5423759,0.5,0.01798621,0.01798621,0.01798621,0.01798621,0.01798621,0.8310478
1.2.826.0.1.3680043.8.498.10602156717395509282545203380100998253,0.01798621,0.01798621,0.01798621,0.01798621,0.01798621,0.01798621,0.6355921,0.5,0.01798621,0.01798621,0.01798621,0.01798621,0.01798621,0.8507717
1.2.826.0.1.3680043.8.498.10149517800497200117971642051961114300,0.01798621,0.01798621,0.01798621,0.01798621,0.01798621,0.01798621,0.5,0.5,0.01798621,0.01798621,0.01798621,0.01798621,0.01798621,0.7952456
1.2.826.0.1.3680043.8.498.10594694793170397064169815033438514439,0.01798621,0.01798621,0.01798621,0.01798621,0.01798621,0.01798621,0.5,0.5,0.01798621,0.01798621,0.01798621,0.01798621,0.01798621,0.7952456
1.2.826.0.1.3680043.8.498.10407869180952513829534001136986995159,0.01798621,0.01798621,0.01798621,0.01798621,0.01798621,0.01798621,0.5,0.5,0.01798621,0.01798621,0.01798621,0.01798621,0.01798621,0.7952456
1.2.826.0.1.3680043.8.498.10476452342884486308540676864983008206,0.01798621,0.01798621,0.01798621,0.01798621,0.01798621,0.01798621,0.5,0.5,0.01798621,0.01798621,0.01798621,0.01798621,0.01798621,0.7952456
1.2.826.0.1.3680043.8.498.10725297140806487146802258546172418874,0.01798621,0.01798621,0.01798621,0.01798621,0.01798621,0.01798621,0.5,0.5,0.01798621,0.01798621,0.01798621,0.01798621,0.01798621,0.7952456
1.2.826.0.1.3680043.8.498.10242915350197711554605463577659482013,0.01798621,0.01798621,0.01798621,0.01798621,0.01798621,0.01798621,0.5,0.5,0.01798621,0.01798621,0.01798621,0.01798621,0.01798621,0.7952456
1.2.826.0.1.3680043.8.498.10935235787050309668480953561660161723,0.01798621,0.01798621,0.01798621,0.01798621,0.01798621,0.01798621,0.5,0.5,0.01798621,0.01798621,0.01798621,0.01798621,0.01798621,0.7952456
1.2.826.0.1.3680043.8.498.10736401375124837061473099613654521922,0.01798621,0.01798621,0.01798621,0.01798621,0.2832961,0.01798621,0.5087912,0.5,0.01798621,0.01798621,0.01798621,0.01798621,0.01798621,0.8531914
1.2.826.0.1.3680043.8.498.11070277944185956335591004412862966078,0.01798621,0.01798621,0.01798621,0.01798621,0.01798621,0.01798621,0.5,0.5,0.01798621,0.01798621,0.01798621,0.01798621,0.01798621,0.7952456
1.2.826.0.1.3680043.8.498.11045787968444482270051562770806250888,0.01798621,0.01798621,0.01798621,0.01798621,0.01798621,0.01798621,0.5858488,0.5,0.01798621,0.01798621,0.01798621,0.01798621,0.01798621,0.8304014
1.2.826.0.1.3680043.8.498.10170698207397181808858428764907250482,0.01798621,0.01798621,0.01798621,0.01798621,0.5,0.01798621,0.8798287,0.5,0.01798621,0.01798621,0.01798621,0.01798621,0.01798621,0.9749437
1.2.826.0.1.3680043.8.498.10266003979013435429766532229856562416,0.01798621,0.01798621,0.01798621,0.01798621,0.01798621,0.01798621,0.5,0.5,0.01798621,0.01798621,0.01798621,0.01798621,0.01798621,0.7952456
1.2.826.0.1.3680043.8.498.10813507599485106154398915611554294910,0.01798621,0.01798621,0.01798621,0.01798621,0.01798621,0.01798621,0.5,0.5,0.01798621,0.01798621,0.01798621,0.01798621,0.01798621,0.7952456
1.2.826.0.1.3680043.8.498.10230011967368070546203100023298616413,0.01798621,0.01798621,0.01798621,0.01798621,0.01798621,0.01798621,0.5,0.5,0.01798621,0.01798621,0.01798621,0.01798621,0.01798621,0.7952456
1.2.826.0.1.3680043.8.498.10242234264937443187831558438826464608,0.01798621,0.01798621,0.01798621,0.01798621,0.032155007,0.01798621,0.9655261,0.5,0.01798621,0.01798621,0.01798621,0.01798621,0.01798621,0.9860863
1.2.826.0.1.3680043.8.498.10699930288055235028819174895925671274,0.01798621,0.01798621,0.01798621,0.01798621,0.01798621,0.01798621,0.5,0.5,0.01798621,0.01798621,0.01798621,0.01798621,0.01798621,0.7952456
1.2.826.0.1.3680043.8.498.10145340168188681268595785827168799711,0.01798621,0.01798621,0.01798621,0.01798621,0.01798621,0.01798621,0.5,0.5,0.01798621,0.01798621,0.01798621,0.01798621,0.01798621,0.7952456
1.2.826.0.1.3680043.8.498.11066323427783087273988542935180341547,0.01798621,0.01798621,0.01798621,0.01798621,0.01798621,0.01798621,0.5,0.5,0.01798621,0.01798621,0.01798621,0.01798621,0.01798621,0.7952456
1.2.826.0.1.3680043.8.498.10924490066596964733267162219377166332,0.01798621,0.01798621,0.01798621,0.01798621,0.01798621,0.01798621,0.9666482,0.5,0.01798621,0.01798621,0.01798621,0.01798621,0.01798621,0.98634213
1.2.826.0.1.3680043.8.498.10313884797119567971099581422373150990,0.01798621,0.01798621,0.01798621,0.01798621,0.01798621,0.01798621,0.5,0.5,0.01798621,0.01798621,0.01798621,0.01798621,0.01798621,0.7952456
1.2.826.0.1.3680043.8.498.10327401654089434788594119044276508319,0.01798621,0.01798621,0.01798621,0.01798621,0.12684397,0.01798621,0.9483707,0.5,0.01798621,0.01798621,0.01798621,0.01798621,0.01798621,0.98120105
1.2.826.0.1.3680043.8.498.10232731436838657115800303234983509594,0.01798621,0.01798621,0.01798621,0.01798621,0.01798621,0.01798621,0.5,0.5,0.01798621,0.01798621,0.01798621,0.01798621,0.01798621,0.7952456
1.2.826.0.1.3680043.8.498.10454754803302367695534484904787098586,0.01798621,0.01798621,0.01798621,0.01798621,0.5,0.01798621,0.98201376,0.5,0.01798621,0.01798621,0.01798621,0.01798621,0.01798621,0.9962498
1.2.826.0.1.3680043.8.498.10935907012185032169927418164924236382,0.01798621,0.01798621,0.01798621,0.01798621,0.46489877,0.01798621,0.9489747,0.5,0.01798621,0.01798621,0.01798621,0.01798621,0.01798621,0.9886141
1.2.826.0.1.3680043.8.498.10299745358089979092519136238482130866,0.01798621,0.01798621,0.01798621,0.01798621,0.01798621,0.01798621,0.5,0.5,0.01798621,0.01798621,0.01798621,0.01798621,0.01798621,0.7952456
1.2.826.0.1.3680043.8.498.10240701911188793595728082556212433173,0.01798621,0.01798621,0.01798621,0.01798621,0.01798621,0.01798621,0.5,0.5,0.01798621,0.01798621,0.01798621,0.01798621,0.01798621,0.7952456
1.2.826.0.1.3680043.8.498.11099114271904020766799919836005857027,0.01798621,0.01798621,0.01798621,0.01798621,0.5,0.01798621,0.965647,0.47327977,0.01798621,0.01798621,0.01798621,0.01798621,0.01798621,0.99245447
1.2.826.0.1.3680043.8.498.10355999422630119489122900651916543784,0.01798621,0.01798621,0.01798621,0.01798621,0.01798621,0.01798621,0.72135574,0.5,0.01798621,0.01798621,0.01798621,0.01798621,0.01798621,0.8858927
1.2.826.0.1.3680043.8.498.10483259387257094108506114287154076889,0.01798621,0.01798621,0.01798621,0.01798621,0.01798621,0.01798621,0.5,0.5,0.01798621,0.01798621,0.01798621,0.01798621,0.01798621,0.7952456
1.2.826.0.1.3680043.8.498.10073947840865129766563613260212070964,0.01798621,0.01798621,0.01798621,0.01798621,0.01798621,0.01798621,0.5,0.5,0.01798621,0.01798621,0.01798621,0.01798621,0.01798621,0.7952456
1.2.826.0.1.3680043.8.498.10902794470321365367538857308983298568,0.01798621,0.01798621,0.01798621,0.01798621,0.01798621,0.01798621,0.5,0.5,0.01798621,0.01798621,0.01798621,0.01798621,0.01798621,0.7952456
1.2.826.0.1.3680043.8.498.10669696570513687685317420935366314971,0.01798621,0.01798621,0.41162446,0.01798621,0.5,0.01798621,0.9007398,0.49275917,0.01798621,0.01798621,0.01798621,0.01798621,0.01798621,0.98742026
1.2.826.0.1.3680043.8.498.10048925006598672000564912882060003872,0.01798621,0.01798621,0.01798621,0.01798621,0.01798621,0.01798621,0.5,0.5,0.01798621,0.01798621,0.01798621,0.01798621,0.01798621,0.7952456
1.2.826.0.1.3680043.8.498.10578511178857434453986361159649271825,0.01798621,0.01798621,0.01798621,0.01798621,0.01798621,0.01798621,0.98201376,0.5,0.01798621,0.01798621,0.01798621,0.01798621,0.01798621,0.9926345
1.2.826.0.1.3680043.8.498.10183727561065274266314159653049375993,0.01798621,0.01798621,0.01798621,0.01798621,0.01798621,0.01798621,0.5,0.5,0.01798621,0.01798621,0.01798621,0.01798621,0.01798621,0.7952456
1.2.826.0.1.3680043.8.498.10242908234090194014051186313014188903,0.01798621,0.01798621,0.01798621,0.01798621,0.01798621,0.01798621,0.5,0.5,0.01798621,0.01798621,0.01798621,0.01798621,0.01798621,0.7952456
1.2.826.0.1.3680043.8.498.10994547329065112215304229638886260611,0.01798621,0.01798621,0.01798621,0.01798621,0.01798621,0.01798621,0.88491714,0.5,0.01798621,0.01798621,0.01798621,0.01798621,0.01798621,0.9528726
1.2.826.0.1.3680043.8.498.10363384324639859368317944284434869657,0.01798621,0.01798621,0.01798621,0.01798621,0.01798621,0.01798621,0.5,0.5,0.01798621,0.01798621,0.01798621,0.01798621,0.01798621,0.7952456
1.2.826.0.1.3680043.8.498.10598166808824296940135923027195448298,0.01798621,0.01798621,0.01798621,0.01798621,0.01798621,0.01798621,0.56291306,0.5,0.01798621,0.01798621,0.01798621,0.01798621,0.01798621,0.82100904
1.2.826.0.1.3680043.8.498.10188636688783982623025997809119805350,0.01798621,0.01798621,0.01798621,0.01798621,0.01798621,0.01798621,0.5,0.5,0.01798621,0.01798621,0.01798621,0.01798621,0.01798621,0.7952456
1.2.826.0.1.3680043.8.498.10540586847553109495238524904638776495,0.01798621,0.01798621,0.01798621,0.01798621,0.01798621,0.01798621,0.5,0.5,0.01798621,0.01798621,0.01798621,0.01798621,0.01798621,0.7952456
1.2.826.0.1.3680043.8.498.10273673348071492912735641743807147880,0.01798621,0.01798621,0.01798621,0.01798621,0.01798621,0.01798621,0.98201376,0.5,0.01798621,0.01798621,0.01798621,0.01798621,0.01798621,0.9926345
1.2.826.0.1.3680043.8.498.10557880026294057874761753231388788828,0.01798621,0.01798621,0.01798621,0.01798621,0.01798621,0.01798621,0.5,0.5,0.01798621,0.01798621,0.01798621,0.01798621,0.01798621,0.7952456
1.2.826.0.1.3680043.8.498.10838160861885189917274991863145332876,0.01798621,0.01798621,0.01798621,0.01798621,0.01798621,0.01798621,0.5,0.5,0.01798621,0.01798621,0.01798621,0.01798621,0.01798621,0.7952456
1.2.826.0.1.3680043.8.498.10286065284341055336022316481132125028,0.01798621,0.01798621,0.01798621,0.01798621,0.01798621,0.01798621,0.5,0.5,0.01798621,0.01798621,0.01798621,0.01798621,0.01798621,0.7952456
1.2.826.0.1.3680043.8.498.10326085668224271877821659254836452146,0.01798621,0.01798621,0.01798621,0.01798621,0.01798621,0.01798621,0.5,0.5,0.01798621,0.01798621,0.01798621,0.01798621,0.01798621,0.7952456
1.2.826.0.1.3680043.8.498.10042474696169267476037627878420766468,0.01798621,0.01798621,0.01798621,0.01798621,0.01798621,0.01798621,0.98201376,0.5,0.01798621,0.01798621,0.01798621,0.01798621,0.01798621,0.9926345
1.2.826.0.1.3680043.8.498.10098743283291956051221530305664415374,0.01798621,0.01798621,0.01798621,0.01798621,0.01798621,0.01798621,0.5,0.5,0.01798621,0.01798621,0.01798621,0.01798621,0.01798621,0.7952456
1.2.826.0.1.3680043.8.498.10704707548391254951537167787284986980,0.01798621,0.01798621,0.01798621,0.01798621,0.5,0.01798621,0.83837306,0.44693148,0.01798621,0.01798621,0.01798621,0.01798621,0.01798621,0.9627232
1.2.826.0.1.3680043.8.498.10076056930521523789588901704956188485,0.01798621,0.01798621,0.01798621,0.01798621,0.01798621,0.01798621,0.5,0.5,0.01798621,0.01798621,0.01798621,0.01798621,0.01798621,0.7952456
1.2.826.0.1.3680043.8.498.11002125925929104212963419170340709242,0.01798621,0.01798621,0.01798621,0.01798621,0.01798621,0.01798621,0.5,0.5,0.01798621,0.01798621,0.01798621,0.01798621,0.01798621,0.7952456
1.2.826.0.1.3680043.8.498.10822997701278083315624912146126530745,0.01798621,0.01798621,0.01798621,0.01798621,0.5,0.01798621,0.98201376,0.5,0.01798621,0.01798621,0.01798621,0.01798621,0.01798621,0.9962498
1.2.826.0.1.3680043.8.498.10022796280698534221758473208024838831,0.01798621,0.01798621,0.01798621,0.01798621,0.01798621,0.01798621,0.5,0.5,0.01798621,0.01798621,0.01798621,0.01798621,0.01798621,0.7952456
1.2.826.0.1.3680043.8.498.10487825958668051506624823704251130894,0.01798621,0.01798621,0.01798621,0.01798621,0.5,0.01798621,0.98201376,0.5,0.01798621,0.01798621,0.01798621,0.01798621,0.01798621,0.9962498
1.2.826.0.1.3680043.8.498.10638533736301908961027303200859370303,0.01798621,0.01798621,0.01798621,0.01798621,0.01798621,0.01798621,0.5,0.5,0.01798621,0.01798621,0.01798621,0.01798621,0.01798621,0.7952456
1.2.826.0.1.3680043.8.498.10953794772345668640118322411755902946,0.01798621,0.01798621,0.01798621,0.01798621,0.01798621,0.01798621,0.5,0.5,0.01798621,0.01798621,0.01798621,0.01798621,0.01798621,0.7952456
1.2.826.0.1.3680043.8.498.10118104902601294641571465174067732646,0.01798621,0.01798621,0.01798621,0.01798621,0.39146975,0.01798621,0.98201376,0.5,0.01798621,0.01798621,0.01798621,0.01798621,0.01798621,0.9954358
1.2.826.0.1.3680043.8.498.10566322400214791337301310820523346665,0.01798621,0.01798621,0.01798621,0.01798621,0.01798621,0.01798621,0.5,0.5,0.01798621,0.01798621,0.01798621,0.01798621,0.01798621,0.7952456
1.2.826.0.1.3680043.8.498.10097649530131165889513682791963111629,0.01798621,0.01798621,0.01798621,0.01798621,0.01798621,0.01798621,0.5,0.5,0.01798621,0.01798621,0.01798621,0.01798621,0.01798621,0.7952456
1.2.826.0.1.3680043.8.498.11079102674589284483149404820469555321,0.01798621,0.01798621,0.01798621,0.01798621,0.01798621,0.01798621,0.5,0.5,0.01798621,0.01798621,0.01798621,0.01798621,0.01798621,0.7952456
1.2.826.0.1.3680043.8.498.10058588444796585220635465116646088095,0.01798621,0.01798621,0.01798621,0.01798621,0.01798621,0.01798621,0.8724463,0.5,0.01798621,0.01798621,0.01798621,0.01798621,0.01798621,0.94776565
1.2.826.0.1.3680043.8.498.10484809454170799749997508580496517686,0.01798621,0.01798621,0.07901318,0.01798621,0.5,0.01798621,0.8365627,0.4803827,0.01798621,0.01798621,0.01798621,0.01798621,0.01798621,0.9667864
1.2.826.0.1.3680043.8.498.10425179756637431399195936388692294756,0.01798621,0.01798621,0.01798621,0.01798621,0.01798621,0.01798621,0.5,0.5,0.01798621,0.01798621,0.01798621,0.01798621,0.01798621,0.7952456
1.2.826.0.1.3680043.8.498.10398119555851443876517634822321882988,0.01798621,0.01798621,0.01798621,0.01798621,0.12279649,0.01798621,0.97981083,0.5,0.01798621,0.01798621,0.01798621,0.01798621,0.01798621,0.99261475
1.2.826.0.1.3680043.8.498.10126204714343951399034097831014403155,0.01798621,0.01798621,0.01798621,0.01798621,0.01798621,0.01798621,0.5,0.5,0.01798621,0.01798621,0.01798621,0.01798621,0.01798621,0.7952456
1.2.826.0.1.3680043.8.498.10743681379266627714143743478938138250,0.01798621,0.01798621,0.01798621,0.01798621,0.49962977,0.01798621,0.9792848,0.5,0.01798621,0.01798621,0.01798621,0.01798621,0.01798621,0.9956776
1.2.826.0.1.3680043.8.498.11103370741248483567621219101272549666,0.01798621,0.01798621,0.01798621,0.01798621,0.01798621,0.01798621,0.5,0.5,0.01798621,0.01798621,0.01798621,0.01798621,0.01798621,0.7952456
1.2.826.0.1.3680043.8.498.10296102422523588648003548596991595445,0.01798621,0.01798621,0.01798621,0.01798621,0.01798621,0.01798621,0.5,0.5,0.01798621,0.01798621,0.01798621,0.01798621,0.01798621,0.7952456
1.2.826.0.1.3680043.8.498.10285482637834121309016685247721322582,0.01798621,0.01798621,0.01798621,0.01798621,0.01798621,0.01798621,0.79292434,0.5,0.01798621,0.01798621,0.01798621,0.01798621,0.01798621,0.91520065
1.2.826.0.1.3680043.8.498.10488407320496727436989477941911818805,0.01798621,0.01798621,0.01798621,0.01798621,0.01798621,0.01798621,0.5,0.5,0.01798621,0.01798621,0.01798621,0.01798621,0.01798621,0.7952456
1.2.826.0.1.3680043.8.498.10809375670627597986986556441787035159,0.01798621,0.01798621,0.01798621,0.01798621,0.01798621,0.01798621,0.5803211,0.5,0.01798621,0.01798621,0.01798621,0.01798621,0.01798621,0.82813776
1.2.826.0.1.3680043.8.498.10423381112154013278273189410331821875,0.01798621,0.01798621,0.01798621,0.01798621,0.01798621,0.01798621,0.54779714,0.5,0.01798621,0.01798621,0.01798621,0.01798621,0.01798621,0.8148189
1.2.826.0.1.3680043.8.498.10037266473301611864455091971206084528,0.01798621,0.01798621,0.01798621,0.01798621,0.01798621,0.01798621,0.5,0.5,0.01798621,0.01798621,0.01798621,0.01798621,0.01798621,0.7952456
1.2.826.0.1.3680043.8.498.11076203044904183976445941089308781481,0.01798621,0.01798621,0.01798621,0.01798621,0.01798621,0.01798621,0.9628382,0.5,0.01798621,0.01798621,0.01798621,0.01798621,0.01798621,0.9847819
1.2.826.0.1.3680043.8.498.10516503904307548750610842681309726745,0.01798621,0.01798621,0.01798621,0.01798621,0.01798621,0.01798621,0.5,0.5,0.01798621,0.01798621,0.01798621,0.01798621,0.01798621,0.7952456
1.2.826.0.1.3680043.8.498.10491885999343016971277789732392506995,0.01798621,0.01798621,0.01798621,0.01798621,0.48605937,0.01798621,0.9602122,0.5,0.01798621,0.01798621,0.01798621,0.01798621,0.01798621,0.9914728
1.2.826.0.1.3680043.8.498.10839154118581632165518813055860534143,0.01798621,0.01798621,0.01798621,0.01798621,0.043272536,0.01798621,0.5,0.5,0.01798621,0.01798621,0.01798621,0.01798621,0.01798621,0.80051786
1.2.826.0.1.3680043.8.498.10741003413710963401991893975229062844,0.01798621,0.01798621,0.01798621,0.01798621,0.2239083,0.01798621,0.5766421,0.5,0.01798621,0.01798621,0.01798621,0.01798621,0.01798621,0.8629855
1.2.826.0.1.3680043.8.498.10281576424046867541214124879878958476,0.01798621,0.01798621,0.01798621,0.01798621,0.01798621,0.01798621,0.7463036,0.5,0.01798621,0.01798621,0.01798621,0.01798621,0.01798621,0.8961091
1.2.826.0.1.3680043.8.498.10595568885979229712931612682765251679,0.01798621,0.01798621,0.01798621,0.01798621,0.01798621,0.01798621,0.5,0.5,0.01798621,0.01798621,0.01798621,0.01798621,0.01798621,0.7952456
1.2.826.0.1.3680043.8.498.10583544181699160752250365618488968452,0.01798621,0.01798621,0.01798621,0.01798621,0.01798621,0.01798621,0.5,0.5,0.01798621,0.01798621,0.01798621,0.01798621,0.01798621,0.7952456
1.2.826.0.1.3680043.8.498.10736515937012258761752122663795682204,0.01798621,0.01798621,0.01798621,0.01798621,0.5,0.01798621,0.9518436,0.5,0.01798621,0.01798621,0.01798621,0.01798621,0.01798621,0.9899592
1.2.826.0.1.3680043.8.498.10144083517869641752799954597390552857,0.01798621,0.01798621,0.01798621,0.01798621,0.01798621,0.01798621,0.5,0.5,0.01798621,0.01798621,0.01798621,0.01798621,0.01798621,0.7952456
1.2.826.0.1.3680043.8.498.10460650254877169551212749749635286489,0.01798621,0.01798621,0.01798621,0.01798621,0.01798621,0.01798621,0.96120214,0.5,0.01798621,0.01798621,0.01798621,0.01798621,0.01798621,0.9841119
1.2.826.0.1.3680043.8.498.10332445922333724094744591777905561035,0.01798621,0.01798621,0.01798621,0.01798621,0.10375839,0.01798621,0.9743805,0.5,0.01798621,0.01798621,0.01798621,0.01798621,0.01798621,0.99042493
1.2.826.0.1.3680043.8.498.10129540112106776730428126836684374398,0.01798621,0.01798621,0.01798621,0.01798621,0.01798621,0.01798621,0.5,0.5,0.01798621,0.01798621,0.01798621,0.01798621,0.01798621,0.7952456
1.2.826.0.1.3680043.8.498.10752089895877999881724597742751706315,0.01798621,0.01798621,0.01798621,0.01798621,0.01798621,0.01798621,0.5,0.5,0.01798621,0.01798621,0.01798621,0.01798621,0.01798621,0.7952456
1.2.826.0.1.3680043.8.498.10057981374227560278263065500472865434,0.01798621,0.01798621,0.01798621,0.01798621,0.01798621,0.01798621,0.5,0.5,0.01798621,0.01798621,0.01798621,0.01798621,0.01798621,0.7952456
1.2.826.0.1.3680043.8.498.10836696159962346198965554506289936039,0.01798621,0.01798621,0.01798621,0.01798621,0.5,0.01798621,0.98201376,0.5,0.01798621,0.01798621,0.01798621,0.01798621,0.01798621,0.9962498
1.2.826.0.1.3680043.8.498.10998551301428376772035074358827982227,0.01798621,0.01798621,0.01798621,0.01798621,0.01798621,0.01798621,0.5,0.5,0.01798621,0.01798621,0.01798621,0.01798621,0.01798621,0.7952456
1.2.826.0.1.3680043.8.498.10392269849471954571399326989696230894,0.01798621,0.01798621,0.01798621,0.01798621,0.020180378,0.01798621,0.9506645,0.5,0.01798621,0.01798621,0.01798621,0.01798621,0.01798621,0.9798418
1.2.826.0.1.3680043.8.498.10125437190727527270716129219120957188,0.01798621,0.01798621,0.01798621,0.01798621,0.01798621,0.01798621,0.5,0.5,0.01798621,0.01798621,0.01798621,0.01798621,0.01798621,0.7952456
1.2.826.0.1.3680043.8.498.10883708862158237934217807665304994642,0.01798621,0.01798621,0.053068846,0.01798621,0.5,0.01798621,0.8265126,0.5,0.01798621,0.01798621,0.01798621,0.01798621,0.01798621,0.96511936
1.2.826.0.1.3680043.8.498.10519800171901159188500806579732523900,0.01798621,0.01798621,0.01798621,0.01798621,0.029462058,0.01798621,0.95692694,0.5,0.01798621,0.01798621,0.01798621,0.01798621,0.01798621,0.9825673
1.2.826.0.1.3680043.8.498.10195070873338721244150818495996796822,0.01798621,0.01798621,0.01798621,0.01798621,0.5,0.01798621,0.98201376,0.5,0.01798621,0.01798621,0.01798621,0.01798621,0.01798621,0.9962498
1.2.826.0.1.3680043.8.498.10865633197287573811696664187842772441,0.01798621,0.01798621,0.01798621,0.01798621,0.01798621,0.01798621,0.98124397,0.5,0.01798621,0.01798621,0.01798621,0.01798621,0.01798621,0.9923192
1.2.826.0.1.3680043.8.498.10291305271924252800517578003204027072,0.01798621,0.01798621,0.01798621,0.01798621,0.5,0.01798621,0.7723998,0.5,0.01798621,0.01798621,0.01798621,0.01798621,0.01798621,0.9525443
1.2.826.0.1.3680043.8.498.10581796827495358947364410632179519958,0.01798621,0.01798621,0.01798621,0.01798621,0.01798621,0.01798621,0.5,0.5,0.01798621,0.01798621,0.01798621,0.01798621,0.01798621,0.7952456
1.2.826.0.1.3680043.8.498.10514727225872923835245578856725980466,0.01798621,0.01798621,0.01798621,0.01798621,0.01798621,0.01798621,0.5,0.5,0.01798621,0.01798621,0.01798621,0.01798621,0.01798621,0.7952456
1.2.826.0.1.3680043.8.498.10215833141558976135001043369327881438,0.01798621,0.01798621,0.01798621,0.01798621,0.01798621,0.01798621,0.5,0.5,0.01798621,0.01798621,0.01798621,0.01798621,0.01798621,0.7952456
1.2.826.0.1.3680043.8.498.10994694444624759369431000277879096454,0.01798621,0.01798621,0.01798621,0.01798621,0.41693145,0.01798621,0.93741786,0.5,0.01798621,0.01798621,0.01798621,0.01798621,0.01798621,0.9847835
1.2.826.0.1.3680043.8.498.10494322538807074235725060570063345500,0.01798621,0.01798621,0.01798621,0.01798621,0.01798621,0.01798621,0.50518984,0.5,0.01798621,0.01798621,0.01798621,0.01798621,0.01798621,0.79737085
1.2.826.0.1.3680043.8.498.10777851323461603684026638438811329191,0.01798621,0.01798621,0.01798621,0.01798621,0.01798621,0.01798621,0.5,0.5,0.01798621,0.01798621,0.01798621,0.01798621,0.01798621,0.7952456
1.2.826.0.1.3680043.8.498.10277444113543832445609667186062143439,0.01798621,0.01798621,0.01798621,0.01798621,0.5,0.01798621,0.8699523,0.49752283,0.01798621,0.01798621,0.01798621,0.01798621,0.01798621,0.9727501
1.2.826.0.1.3680043.8.498.10488876862972997983660376855639751518,0.01798621,0.01798621,0.01798621,0.01798621,0.01798621,0.01798621,0.9498217,0.5,0.01798621,0.01798621,0.01798621,0.01798621,0.01798621,0.97945154
1.2.826.0.1.3680043.8.498.10030095840917973694487307992374923817,0.01798621,0.01798621,0.01798621,0.01798621,0.5,0.01798621,0.67901087,0.3935788,0.01798621,0.01798621,0.01798621,0.01798621,0.01798621,0.91882724
1.2.826.0.1.3680043.8.498.10565031845749751317338188078743896434,0.01798621,0.01798621,0.01798621,0.01798621,0.01798621,0.01798621,0.5,0.5,0.01798621,0.01798621,0.01798621,0.01798621,0.01798621,0.7952456
1.2.826.0.1.3680043.8.498.10651378641908724856730013035772912257,0.01798621,0.01798621,0.01798621,0.01798621,0.01798621,0.01798621,0.56177044,0.5,0.01798621,0.01798621,0.01798621,0.01798621,0.01798621,0.82054114
1.2.826.0.1.3680043.8.498.10941306315529851008001132294356170420,0.01798621,0.01798621,0.04096288,0.01798621,0.5,0.01798621,0.7902789,0.45198217,0.01798621,0.01798621,0.01798621,0.01798621,0.01798621,0.95319414
1.2.826.0.1.3680043.8.498.10004044428023505108375152878107656647,0.01798621,0.01798621,0.01798621,0.01798621,0.01798621,0.01798621,0.5,0.5,0.01798621,0.01798621,0.01798621,0.01798621,0.01798621,0.7952456
1.2.826.0.1.3680043.8.498.10368139067683482062463559717739182190,0.01798621,0.01798621,0.01798621,0.01798621,0.01798621,0.01798621,0.5,0.5,0.01798621,0.01798621,0.01798621,0.01798621,0.01798621,0.7952456
1.2.826.0.1.3680043.8.498.10005158603912009425635473100344077317,0.01798621,0.01798621,0.01798621,0.01798621,0.01798621,0.01798621,0.92093134,0.5,0.01798621,0.01798621,0.01798621,0.01798621,0.01798621,0.9676207
1.2.826.0.1.3680043.8.498.10313496695916659101874272849545285743,0.01798621,0.01798621,0.01798621,0.01798621,0.01798621,0.01798621,0.5,0.5,0.01798621,0.01798621,0.01798621,0.01798621,0.01798621,0.7952456
1.2.826.0.1.3680043.8.498.10741231789190215404468102455078501708,0.01798621,0.01798621,0.01798621,0.01798621,0.01798621,0.01798621,0.5,0.5,0.01798621,0.01798621,0.01798621,0.01798621,0.01798621,0.7952456
1.2.826.0.1.3680043.8.498.10546632601048582076179437336216668845,0.01798621,0.01798621,0.01798621,0.01798621,0.01798621,0.01798621,0.5,0.5,0.01798621,0.01798621,0.01798621,0.01798621,0.01798621,0.7952456
1.2.826.0.1.3680043.8.498.10696358651167160191747804018219141567,0.01798621,0.01798621,0.01798621,0.01798621,0.01798621,0.01798621,0.58830917,0.5,0.01798621,0.01798621,0.01798621,0.01798621,0.01798621,0.831409
1.2.826.0.1.3680043.8.498.10404775627581740273819052291643108611,0.01798621,0.01798621,0.01798621,0.01798621,0.01798621,0.01798621,0.5,0.5,0.01798621,0.01798621,0.01798621,0.01798621,0.01798621,0.7952456
1.2.826.0.1.3680043.8.498.10593878177965728027831897321761318691,0.01798621,0.01798621,0.01798621,0.01798621,0.01798621,0.01798621,0.50240874,0.5,0.01798621,0.01798621,0.01798621,0.01798621,0.01798621,0.796232
1.2.826.0.1.3680043.8.498.10342709283985724898618249297250963636,0.01798621,0.01798621,0.01798621,0.01798621,0.5,0.01798621,0.637117,0.5,0.01798621,0.01798621,0.01798621,0.01798621,0.01798621,0.9243372
1.2.826.0.1.3680043.8.498.11023103893787067902407648942348184831,0.01798621,0.01798621,0.01798621,0.01798621,0.01798621,0.01798621,0.5,0.5,0.01798621,0.01798621,0.01798621,0.01798621,0.01798621,0.7952456
1.2.826.0.1.3680043.8.498.10152316071300066886893512484432664805,0.01798621,0.01798621,0.01798621,0.01798621,0.01798621,0.01798621,0.5,0.5,0.01798621,0.01798621,0.01798621,0.01798621,0.01798621,0.7952456
1.2.826.0.1.3680043.8.498.10218616184968326770042507305824538520,0.01798621,0.01798621,0.01798621,0.01798621,0.01798621,0.01798621,0.5,0.5,0.01798621,0.01798621,0.01798621,0.01798621,0.01798621,0.7952456
1.2.826.0.1.3680043.8.498.10734061825977744660754214019812994234,0.01798621,0.01798621,0.01798621,0.01798621,0.5,0.01798621,0.98201376,0.5,0.01798621,0.01798621,0.01798621,0.01798621,0.01798621,0.9962498
1.2.826.0.1.3680043.8.498.10311779504410035494813361626720781687,0.01798621,0.01798621,0.01798621,0.01798621,0.01798621,0.01798621,0.5,0.5,0.01798621,0.01798621,0.01798621,0.01798621,0.01798621,0.7952456
1.2.826.0.1.3680043.8.498.11036671323850503028426007370307873781,0.01798621,0.01798621,0.01798621,0.01798621,0.01798621,0.01798621,0.52094346,0.5,0.01798621,0.01798621,0.01798621,0.01798621,0.01798621,0.8038221
1.2.826.0.1.3680043.8.498.10579235299209582351584770609917611683,0.01798621,0.01798621,0.01798621,0.01798621,0.01798621,0.01798621,0.5,0.5,0.01798621,0.01798621,0.01798621,0.01798621,0.01798621,0.7952456
1.2.826.0.1.3680043.8.498.10516336661180183966126480937598074106,0.01798621,0.01798621,0.01798621,0.01798621,0.5,0.01798621,0.9723021,0.5,0.01798621,0.01798621,0.01798621,0.01798621,0.01798621,0.99422485
1.2.826.0.1.3680043.8.498.10409114344258595847722068732760082589,0.01798621,0.01798621,0.01798621,0.01798621,0.01798621,0.01798621,0.5,0.5,0.01798621,0.01798621,0.01798621,0.01798621,0.01798621,0.7952456
1.2.826.0.1.3680043.8.498.10035643165968342618460849823699311381,0.01798621,0.01798621,0.01798621,0.01798621,0.01798621,0.01798621,0.97658885,0.5,0.01798621,0.01798621,0.01798621,0.01798621,0.01798621,0.99041295
1.2.826.0.1.3680043.8.498.10404177333128553609085815567152978870,0.01798621,0.01798621,0.01798621,0.01798621,0.01798621,0.01798621,0.5,0.5,0.01798621,0.01798621,0.01798621,0.01798621,0.01798621,0.7952456
1.2.826.0.1.3680043.8.498.10457518590822608632535331009959916314,0.01798621,0.01798621,0.01798621,0.01798621,0.01798621,0.01798621,0.9741867,0.5,0.01798621,0.01798621,0.01798621,0.01798621,0.01798621,0.98942924
1.2.826.0.1.3680043.8.498.10021411248005513321236647460239137906,0.01798621,0.01798621,0.01798621,0.01798621,0.5,0.01798621,0.98201376,0.5,0.01798621,0.01798621,0.01798621,0.01798621,0.01798621,0.9962498
1.2.826.0.1.3680043.8.498.10401423302257944813154789358190519254,0.01798621,0.01798621,0.01798621,0.01798621,0.01798621,0.01798621,0.94361347,0.5,0.01798621,0.01798621,0.01798621,0.01798621,0.01798621,0.9769092
1.2.826.0.1.3680043.8.498.10438109427977370649181505459137874622,0.01798621,0.01798621,0.05653793,0.01798621,0.5,0.01798621,0.9073833,0.37436804,0.01798621,0.01798621,0.01798621,0.01798621,0.01798621,0.9767854
1.2.826.0.1.3680043.8.498.11038636852681039246443401046449812061,0.01798621,0.01798621,0.01798621,0.01798621,0.01798621,0.01798621,0.5108933,0.5,0.01798621,0.01798621,0.01798621,0.01798621,0.01798621,0.79970646
1.2.826.0.1.3680043.8.498.10763282961073389187623147342741342350,0.01798621,0.01798621,0.01798621,0.01798621,0.01798621,0.01798621,0.5,0.5,0.01798621,0.01798621,0.01798621,0.01798621,0.01798621,0.7952456
1.2.826.0.1.3680043.8.498.10469913384029146324658136934047050433,0.01798621,0.01798621,0.01798621,0.01798621,0.01798621,0.01798621,0.5,0.5,0.01798621,0.01798621,0.01798621,0.01798621,0.01798621,0.7952456
1.2.826.0.1.3680043.8.498.10623075849681650687943932638488393349,0.01798621,0.01798621,0.01798621,0.01798621,0.01798621,0.01798621,0.5,0.5,0.01798621,0.01798621,0.01798621,0.01798621,0.01798621,0.7952456
1.2.826.0.1.3680043.8.498.10092666779602341135460882241562348436,0.01798621,0.01798621,0.01798621,0.01798621,0.01798621,0.01798621,0.98201376,0.5,0.01798621,0.01798621,0.01798621,0.01798621,0.01798621,0.9926345
1.2.826.0.1.3680043.8.498.11029475514416097612140659731765392989,0.01798621,0.01798621,0.01798621,0.01798621,0.01798621,0.01798621,0.5,0.5,0.01798621,0.01798621,0.01798621,0.01798621,0.01798621,0.7952456
1.2.826.0.1.3680043.8.498.10866229039227436325092478217487580131,0.01798621,0.01798621,0.01798621,0.01798621,0.01798621,0.01798621,0.5,0.5,0.01798621,0.01798621,0.01798621,0.01798621,0.01798621,0.7952456
1.2.826.0.1.3680043.8.498.10925835367566060680558681418372812622,0.01798621,0.01798621,0.01798621,0.01798621,0.5,0.01798621,0.81321394,0.5,0.01798621,0.01798621,0.01798621,0.01798621,0.01798621,0.96105427
1.2.826.0.1.3680043.8.498.10431434465869937214637537199402140025,0.01798621,0.01798621,0.01798621,0.01798621,0.01798621,0.01798621,0.51013726,0.5,0.01798621,0.01798621,0.01798621,0.01798621,0.01798621,0.7993969
1.2.826.0.1.3680043.8.498.10988970955059180734042722973735446808,0.01798621,0.01798621,0.01798621,0.01798621,0.01798621,0.01798621,0.5,0.5,0.01798621,0.01798621,0.01798621,0.01798621,0.01798621,0.7952456
1.2.826.0.1.3680043.8.498.10058383541003792190302541266378919328,0.01798621,0.01798621,0.01798621,0.01798621,0.01798621,0.01798621,0.5123151,0.5,0.01798621,0.01798621,0.01798621,0.01798621,0.01798621,0.8002887
1.2.826.0.1.3680043.8.498.10902556257000634741565940839764387879,0.01798621,0.01798621,0.01798621,0.01798621,0.01798621,0.01798621,0.98201376,0.5,0.01798621,0.01798621,0.01798621,0.01798621,0.01798621,0.9926345
1.2.826.0.1.3680043.8.498.10042423585566957032411171949972906248,0.01798621,0.01798621,0.01798621,0.01798621,0.48591295,0.01798621,0.5,0.5,0.01798621,0.01798621,0.01798621,0.01798621,0.01798621,0.89281046
1.2.826.0.1.3680043.8.498.10448683083165955629184463261648391236,0.01798621,0.01798621,0.01798621,0.01798621,0.01798621,0.01798621,0.98201376,0.5,0.01798621,0.01798621,0.01798621,0.01798621,0.01798621,0.9926345
1.2.826.0.1.3680043.8.498.10558283850814140636508695433402824800,0.01798621,0.01798621,0.01798621,0.01798621,0.5033275,0.01798621,0.6962836,0.5,0.01798621,0.01798621,0.01798621,0.01798621,0.01798621,0.93709517
1.2.826.0.1.3680043.8.498.10496113468634027587242558966509100791,0.01798621,0.01798621,0.01798621,0.01798621,0.01798621,0.01798621,0.5,0.5,0.01798621,0.01798621,0.01798621,0.01798621,0.01798621,0.7952456
1.2.826.0.1.3680043.8.498.10873596735756833834134538718102713145,0.01798621,0.01798621,0.01798621,0.01798621,0.01798621,0.01798621,0.5,0.5,0.01798621,0.01798621,0.01798621,0.01798621,0.01798621,0.7952456
1.2.826.0.1.3680043.8.498.10529765847929106412191039087455506757,0.01798621,0.01798621,0.01798621,0.01798621,0.01907158,0.01798621,0.98201376,0.5,0.01798621,0.01798621,0.01798621,0.01798621,0.01798621,0.99264264
1.2.826.0.1.3680043.8.498.10448908392671591325769160035068864104,0.01798621,0.01798621,0.15776253,0.01798621,0.5,0.01798621,0.8089967,0.5,0.01798621,0.01798621,0.01798621,0.01798621,0.01798621,0.9658435
1.2.826.0.1.3680043.8.498.11092829045871957522287158072012356803,0.01798621,0.01798621,0.01798621,0.01798621,0.01798621,0.01798621,0.5,0.5,0.01798621,0.01798621,0.01798621,0.01798621,0.01798621,0.7952456
1.2.826.0.1.3680043.8.498.10102361048562788202568222767625052953,0.01798621,0.01798621,0.01798621,0.01798621,0.01798621,0.01798621,0.5,0.5,0.01798621,0.01798621,0.01798621,0.01798621,0.01798621,0.7952456
1.2.826.0.1.3680043.8.498.10902663014512677837346919561455269747,0.01798621,0.01798621,0.01798621,0.01798621,0.01798621,0.01798621,0.5757277,0.5,0.01798621,0.01798621,0.01798621,0.01798621,0.01798621,0.82625675
1.2.826.0.1.3680043.8.498.10733698301838280119601018614192667956,0.01798621,0.01798621,0.01798621,0.01798621,0.9774776,0.01798621,0.98201376,0.5,0.01798621,0.01798621,0.01798621,0.01798621,0.01798621,0.9998311
1.2.826.0.1.3680043.8.498.10315989425857215810912108943640204739,0.01798621,0.01798621,0.01798621,0.01798621,0.5119402,0.01798621,0.9626124,0.5,0.01798621,0.01798621,0.01798621,0.01798621,0.01798621,0.9923907
1.2.826.0.1.3680043.8.498.10158065843180867652384529862983576761,0.01798621,0.01798621,0.01798621,0.01798621,0.01798621,0.01798621,0.5,0.5,0.01798621,0.01798621,0.01798621,0.01798621,0.01798621,0.7952456
1.2.826.0.1.3680043.8.498.10489902145908525186969095759982595916,0.01798621,0.01798621,0.01798621,0.01798621,0.5,0.01798621,0.902557,0.5,0.01798621,0.01798621,0.01798621,0.01798621,0.01798621,0.9796827
1.2.826.0.1.3680043.8.498.10671136069814118273051305504191839864,0.01798621,0.01798621,0.01798621,0.01798621,0.31652933,0.01798621,0.89363,0.5,0.01798621,0.01798621,0.01798621,0.01798621,0.01798621,0.9696831
1.2.826.0.1.3680043.8.498.10826180404109912448081043891088073445,0.01798621,0.01798621,0.01798621,0.01798621,0.2235531,0.01798621,0.9620434,0.5,0.01798621,0.01798621,0.01798621,0.01798621,0.01798621,0.9877102
1.2.826.0.1.3680043.8.498.10904087003563133106247033092230274435,0.01798621,0.01798621,0.01798621,0.01798621,0.01798621,0.01798621,0.98201376,0.5,0.01798621,0.01798621,0.01798621,0.01798621,0.01798621,0.9926345
1.2.826.0.1.3680043.8.498.11075633505381780826497163741802412581,0.01798621,0.01798621,0.01798621,0.01798621,0.01798621,0.01798621,0.5,0.5,0.01798621,0.01798621,0.01798621,0.01798621,0.01798621,0.7952456
1.2.826.0.1.3680043.8.498.10865391592895615633871689438787039175,0.01798621,0.01798621,0.01798621,0.01798621,0.01798621,0.01798621,0.9415846,0.5,0.01798621,0.01798621,0.01798621,0.01798621,0.01798621,0.9760784
1.2.826.0.1.3680043.8.498.10133805409448598100180344093077653742,0.01798621,0.01798621,0.01798621,0.01798621,0.5,0.01798621,0.89266837,0.5,0.01798621,0.01798621,0.01798621,0.01798621,0.01798621,0.97762084
1.2.826.0.1.3680043.8.498.10850890063834444399767634780676036431,0.01798621,0.01798621,0.01798621,0.01798621,0.01798621,0.01798621,0.9503519,0.5,0.01798621,0.01798621,0.01798621,0.01798621,0.01798621,0.9796687
1.2.826.0.1.3680043.8.498.10281549037987359841599916116991482664,0.01798621,0.01798621,0.01798621,0.01798621,0.01798621,0.01798621,0.98201376,0.5,0.01798621,0.01798621,0.01798621,0.01798621,0.01798621,0.9926345
1.2.826.0.1.3680043.8.498.10768663201506668685589882709865763836,0.01798621,0.01798621,0.01798621,0.01798621,0.5,0.01798621,0.852633,0.5,0.01798621,0.01798621,0.01798621,0.01798621,0.01798621,0.9692733
1.2.826.0.1.3680043.8.498.10702390433258656600609672523581904940,0.01798621,0.01798621,0.01798621,0.01798621,0.5,0.01798621,0.96646523,0.5,0.01798621,0.01798621,0.01798621,0.01798621,0.01798621,0.99300784
1.2.826.0.1.3680043.8.498.10393890920186766797254434288292058016,0.01798621,0.01798621,0.01798621,0.01798621,0.5,0.01798621,0.9627675,0.5,0.01798621,0.01798621,0.01798621,0.01798621,0.01798621,0.99223685
1.2.826.0.1.3680043.8.498.10286269778673315744120255441286799043,0.01798621,0.01798621,0.01798621,0.01798621,0.01798621,0.01798621,0.5,0.5,0.01798621,0.01798621,0.01798621,0.01798621,0.01798621,0.7952456
1.2.826.0.1.3680043.8.498.10727853418861725722856023680560832338,0.01798621,0.01798621,0.01798621,0.01798621,0.01798621,0.01798621,0.98201376,0.5,0.01798621,0.01798621,0.01798621,0.01798621,0.01798621,0.9926345
1.2.826.0.1.3680043.8.498.10184847787867063803105367841107558567,0.01798621,0.01798621,0.01798621,0.01798621,0.01798621,0.01798621,0.5,0.5,0.01798621,0.01798621,0.01798621,0.01798621,0.01798621,0.7952456
1.2.826.0.1.3680043.8.498.10675944589890481875939820411806517733,0.01798621,0.01798621,0.01798621,0.01798621,0.01798621,0.01798621,0.5715125,0.5,0.01798621,0.01798621,0.01798621,0.01798621,0.01798621,0.8245306
1.2.826.0.1.3680043.8.498.10487456545489144263441234750888574208,0.01798621,0.01798621,0.01798621,0.01798621,0.01798621,0.01798621,0.5,0.5,0.01798621,0.01798621,0.01798621,0.01798621,0.01798621,0.7952456
1.2.826.0.1.3680043.8.498.11114613141735642199606043212646844886,0.01798621,0.01798621,0.01798621,0.01798621,0.01798621,0.01798621,0.5,0.5,0.01798621,0.01798621,0.01798621,0.01798621,0.01798621,0.7952456
1.2.826.0.1.3680043.8.498.10411974091082003098679091952692447995,0.01798621,0.01798621,0.01798621,0.01798621,0.01798621,0.01798621,0.98201376,0.5,0.01798621,0.01798621,0.01798621,0.01798621,0.01798621,0.9926345
1.2.826.0.1.3680043.8.498.10842106593410793277107908140614397552,0.01798621,0.01798621,0.01798621,0.01798621,0.3886941,0.01798621,0.96209836,0.5,0.01798621,0.01798621,0.01798621,0.01798621,0.01798621,0.9903381
1.2.826.0.1.3680043.8.498.10676171200316720058659073183033256880,0.01798621,0.01798621,0.01798621,0.01798621,0.5,0.01798621,0.98201376,0.5,0.01798621,0.01798621,0.01798621,0.01798621,0.01798621,0.9962498
1.2.826.0.1.3680043.8.498.10040419508532196461125208817600495772,0.01798621,0.01798621,0.01798621,0.01798621,0.01798621,0.01798621,0.5,0.5,0.01798621,0.01798621,0.01798621,0.01798621,0.01798621,0.7952456
1.2.826.0.1.3680043.8.498.10624923817867514790723147290420763190,0.01798621,0.01798621,0.01798621,0.01798621,0.022261465,0.01798621,0.9503359,0.5,0.01798621,0.01798621,0.01798621,0.01798621,0.01798621,0.97975063
1.2.826.0.1.3680043.8.498.10530695545021033196621475228130424566,0.01798621,0.01798621,0.01798621,0.01798621,0.01798621,0.01798621,0.5,0.5,0.01798621,0.01798621,0.01798621,0.01798621,0.01798621,0.7952456
1.2.826.0.1.3680043.8.498.10775557483309974755100932459198402019,0.01798621,0.01798621,0.01798621,0.01798621,0.01798621,0.01798621,0.98201376,0.5,0.01798621,0.01798621,0.01798621,0.01798621,0.01798621,0.9926345
1.2.826.0.1.3680043.8.498.10834923084007253548108699309528531373,0.01798621,0.01798621,0.01798621,0.01798621,0.046277992,0.01798621,0.98201376,0.5,0.01798621,0.01798621,0.01798621,0.01798621,0.01798621,0.99284667
1.2.826.0.1.3680043.8.498.10177991619943313403139905685327320608,0.01798621,0.01798621,0.01798621,0.01798621,0.01798621,0.01798621,0.5,0.5,0.01798621,0.01798621,0.01798621,0.01798621,0.01798621,0.7952456
1.2.826.0.1.3680043.8.498.10161092109954976473450555831085144960,0.01798621,0.01798621,0.01798621,0.01798621,0.01798621,0.01798621,0.5,0.5,0.01798621,0.01798621,0.01798621,0.01798621,0.01798621,0.7952456
1.2.826.0.1.3680043.8.498.11053548925357676714635723341608580542,0.01798621,0.01798621,0.01798621,0.01798621,0.01798621,0.01798621,0.5,0.5,0.01798621,0.01798621,0.01798621,0.01798621,0.01798621,0.7952456
1.2.826.0.1.3680043.8.498.10140895167100232412095668871893964095,0.01798621,0.01798621,0.01798621,0.01798621,0.01798621,0.01798621,0.5,0.5,0.01798621,0.01798621,0.01798621,0.01798621,0.01798621,0.7952456
1.2.826.0.1.3680043.8.498.10068453918327434625947056516458124159,0.01798621,0.01798621,0.01798621,0.01798621,0.01798621,0.01798621,0.5,0.5,0.01798621,0.01798621,0.01798621,0.01798621,0.01798621,0.7952456
1.2.826.0.1.3680043.8.498.10022688097731894079510930966432818105,0.01798621,0.01798621,0.01798621,0.01798621,0.01798621,0.01798621,0.5,0.5,0.01798621,0.01798621,0.01798621,0.01798621,0.01798621,0.7952456
1.2.826.0.1.3680043.8.498.10715007310113332704472982792983515488,0.01798621,0.01798621,0.01798621,0.01798621,0.01798621,0.01798621,0.5,0.5,0.01798621,0.01798621,0.01798621,0.01798621,0.01798621,0.7952456
1.2.826.0.1.3680043.8.498.10394802805589757135293612420117715665,0.01798621,0.01798621,0.01798621,0.01798621,0.5,0.01798621,0.8365029,0.5,0.01798621,0.01798621,0.01798621,0.01798621,0.01798621,0.9659101
1.2.826.0.1.3680043.8.498.10148992367063193735584459523736151066,0.01798621,0.01798621,0.01798621,0.01798621,0.20769063,0.01798621,0.5,0.5,0.01798621,0.01798621,0.01798621,0.01798621,0.01798621,0.8347998
1.2.826.0.1.3680043.8.498.10842329586761370124641179901116727112,0.01798621,0.01798621,0.01798621,0.01798621,0.455142,0.01798621,0.98201376,0.5,0.01798621,0.01798621,0.01798621,0.01798621,0.01798621,0.9959133
1.2.826.0.1.3680043.8.498.10603321067992496978932502160661673268,0.01798621,0.01798621,0.01798621,0.01798621,0.01798621,0.01798621,0.68546355,0.5,0.01798621,0.01798621,0.01798621,0.01798621,0.01798621,0.87119454
1.2.826.0.1.3680043.8.498.10759842474698331813589731619457567641,0.01798621,0.01798621,0.01798621,0.01798621,0.01798621,0.01798621,0.5,0.5,0.01798621,0.01798621,0.01798621,0.01798621,0.01798621,0.7952456
1.2.826.0.1.3680043.8.498.10257249310194962131618310444401032418,0.24703225,0.2576262,0.23372455,0.25632665,0.22881179,0.23050676,0.23345597,0.708679,0.24197868,0.24203697,0.24152833,0.2221998,0.23127477,0.98900115
1.2.826.0.1.3680043.8.498.10118061831005170945889563029918713432,0.01798621,0.01798621,0.01798621,0.01798621,0.5,0.01798621,0.98201376,0.5,0.01798621,0.01798621,0.01798621,0.01798621,0.01798621,0.9962498
1.2.826.0.1.3680043.8.498.10923447897954059790146352224085434772,0.01798621,0.01798621,0.01798621,0.01798621,0.01798621,0.01798621,0.8985618,0.5,0.01798621,0.01798621,0.01798621,0.01798621,0.01798621,0.95846015
1.2.826.0.1.3680043.8.498.10743199796364362163988736837321335182,0.01798621,0.01798621,0.01798621,0.01798621,0.47560015,0.01798621,0.77646613,0.5,0.01798621,0.01798621,0.01798621,0.01798621,0.01798621,0.9511177
1.2.826.0.1.3680043.8.498.10632079705647196531958766844565089352,0.01798621,0.01798621,0.01798621,0.01798621,0.01798621,0.01798621,0.9047676,0.5,0.01798621,0.01798621,0.01798621,0.01798621,0.01798621,0.96100146
1.2.826.0.1.3680043.8.498.10415892783290443349191809959778349685,0.01798621,0.01798621,0.01798621,0.01798621,0.01798621,0.01798621,0.5,0.5,0.01798621,0.01798621,0.01798621,0.01798621,0.01798621,0.7952456
1.2.826.0.1.3680043.8.498.10229915682372012073055285556885310225,0.01798621,0.01798621,0.01798621,0.01798621,0.01798621,0.01798621,0.5,0.5,0.01798621,0.01798621,0.01798621,0.01798621,0.01798621,0.7952456
1.2.826.0.1.3680043.8.498.10843288560910004558081082597234683103,0.01798621,0.01798621,0.01798621,0.01798621,0.45837557,0.01798621,0.92550945,0.5,0.01798621,0.01798621,0.01798621,0.01798621,0.01798621,0.9831754
1.2.826.0.1.3680043.8.498.10252642992827581995791460041128469049,0.01798621,0.01798621,0.01798621,0.01798621,0.01798621,0.01798621,0.5,0.5,0.01798621,0.01798621,0.01798621,0.01798621,0.01798621,0.7952456
1.2.826.0.1.3680043.8.498.10264784704607431871981917026977073042,0.01798621,0.01798621,0.01798621,0.01798621,0.01798621,0.01798621,0.5,0.5,0.01798621,0.01798621,0.01798621,0.01798621,0.01798621,0.7952456
1.2.826.0.1.3680043.8.498.10907500670359673552912792827252389493,0.01798621,0.01798621,0.01798621,0.01798621,0.01798621,0.01798621,0.5,0.5,0.01798621,0.01798621,0.01798621,0.01798621,0.01798621,0.7952456
1.2.826.0.1.3680043.8.498.10659008764358502459177193756701182364,0.01798621,0.01798621,0.01798621,0.01798621,0.01798621,0.01798621,0.75154644,0.5,0.01798621,0.01798621,0.01798621,0.01798621,0.01798621,0.89825606
1.2.826.0.1.3680043.8.498.10539805583894240854689522085529279066,0.01798621,0.01798621,0.01798621,0.01798621,0.5,0.01798621,0.78121424,0.4891084,0.01798621,0.01798621,0.01798621,0.01798621,0.01798621,0.95338845
1.2.826.0.1.3680043.8.498.10869078758429199339063696442522887821,0.01798621,0.01798621,0.01798621,0.01798621,0.01798621,0.01798621,0.5,0.5,0.01798621,0.01798621,0.01798621,0.01798621,0.01798621,0.7952456
1.2.826.0.1.3680043.8.498.10994836313290465695172433969490116921,0.01798621,0.01798621,0.01798621,0.01798621,0.01798621,0.01798621,0.5,0.5,0.01798621,0.01798621,0.01798621,0.01798621,0.01798621,0.7952456
1.2.826.0.1.3680043.8.498.10728469050527708161868401976093413762,0.01798621,0.01798621,0.01798621,0.01798621,0.018244322,0.01798621,0.62537897,0.5,0.01798621,0.01798621,0.01798621,0.01798621,0.01798621,0.8466297
1.2.826.0.1.3680043.8.498.10320104854524208588853957389202003973,0.01798621,0.01798621,0.01798621,0.01798621,0.01798621,0.01798621,0.5,0.5,0.01798621,0.01798621,0.01798621,0.01798621,0.01798621,0.7952456
1.2.826.0.1.3680043.8.498.11048227014863508585089381592484160039,0.01798621,0.01798621,0.01798621,0.01798621,0.01798621,0.01798621,0.5,0.5,0.01798621,0.01798621,0.01798621,0.01798621,0.01798621,0.7952456
1.2.826.0.1.3680043.8.498.10841105106976517598508356769604097806,0.01798621,0.01798621,0.01798621,0.01798621,0.01798621,0.01798621,0.5,0.5,0.01798621,0.01798621,0.01798621,0.01798621,0.01798621,0.7952456
1.2.826.0.1.3680043.8.498.10575427133776732603768909157531313751,0.01798621,0.01798621,0.01798621,0.01798621,0.01798621,0.01798621,0.5,0.5,0.01798621,0.01798621,0.01798621,0.01798621,0.01798621,0.7952456
1.2.826.0.1.3680043.8.498.10591321307068683497175022052377474536,0.01798621,0.01798621,0.01798621,0.01798621,0.01798621,0.01798621,0.5,0.5,0.01798621,0.01798621,0.01798621,0.01798621,0.01798621,0.7952456
1.2.826.0.1.3680043.8.498.11062397380277678777080157173387177272,0.01798621,0.01798621,0.01798621,0.01798621,0.01798621,0.01798621,0.9591861,0.5,0.01798621,0.01798621,0.01798621,0.01798621,0.01798621,0.9832863
1.2.826.0.1.3680043.8.498.10727828449365548333975528403006438509,0.01798621,0.01798621,0.01798621,0.01798621,0.01798621,0.01798621,0.5,0.5,0.01798621,0.01798621,0.01798621,0.01798621,0.01798621,0.7952456
1.2.826.0.1.3680043.8.498.10004684224894397679901841656954650085,0.01798621,0.01798621,0.01798621,0.01798621,0.01798621,0.01798621,0.5,0.5,0.01798621,0.01798621,0.01798621,0.01798621,0.01798621,0.7952456
1.2.826.0.1.3680043.8.498.10592969088685694055394859037327373649,0.01798621,0.01798621,0.01798621,0.01798621,0.5058257,0.01798621,0.81985724,0.47429466,0.01798621,0.01798621,0.01798621,0.01798621,0.01798621,0.9609685
1.2.826.0.1.3680043.8.498.10688265743867266097765526216169726365,0.01798621,0.01798621,0.01798621,0.01798621,0.37580264,0.01798621,0.98201376,0.5,0.01798621,0.01798621,0.01798621,0.01798621,0.01798621,0.99531823
1.2.826.0.1.3680043.8.498.10873695717258430495304098469954646795,0.01798621,0.01798621,0.01798621,0.01798621,0.01798621,0.01798621,0.9564649,0.5,0.01798621,0.01798621,0.01798621,0.01798621,0.01798621,0.982172
1.2.826.0.1.3680043.8.498.10764740527305461045903346909161164243,0.01798621,0.01798621,0.01798621,0.01798621,0.49891225,0.01798621,0.8648342,0.45602912,0.01798621,0.01798621,0.01798621,0.01798621,0.01798621,0.96927214
1.2.826.0.1.3680043.8.498.10888065754423178862053907045443566649,0.01798621,0.01798621,0.01798621,0.01798621,0.8697383,0.01798621,0.98201376,0.5,0.01798621,0.01798621,0.01798621,0.01798621,0.01798621,0.99902296
1.2.826.0.1.3680043.8.498.10159052987439329819869659161075958798,0.01798621,0.01798621,0.01798621,0.01798621,0.01798621,0.01798621,0.5,0.5,0.01798621,0.01798621,0.01798621,0.01798621,0.01798621,0.7952456
1.2.826.0.1.3680043.8.498.10936114223559523253731725214122303542,0.01798621,0.01798621,0.01798621,0.01798621,0.01798621,0.01798621,0.5,0.5,0.01798621,0.01798621,0.01798621,0.01798621,0.01798621,0.7952456
1.2.826.0.1.3680043.8.498.10093305095697542087736136017987424145,0.01798621,0.01798621,0.01798621,0.01798621,0.01798621,0.01798621,0.5,0.5,0.01798621,0.01798621,0.01798621,0.01798621,0.01798621,0.7952456
1.2.826.0.1.3680043.8.498.10247439373520422169955747183361551750,0.01798621,0.01798621,0.01798621,0.01798621,0.01798621,0.01798621,0.5,0.5,0.01798621,0.01798621,0.01798621,0.01798621,0.01798621,0.7952456
1.2.826.0.1.3680043.8.498.10345349366333570404729603589622961796,0.01798621,0.01798621,0.01798621,0.01798621,0.5,0.01798621,0.902414,0.5,0.01798621,0.01798621,0.01798621,0.01798621,0.01798621,0.9796529
1.2.826.0.1.3680043.8.498.10283265476514387434883368157822740304,0.01798621,0.01798621,0.01798621,0.01798621,0.01798621,0.01798621,0.5,0.5,0.01798621,0.01798621,0.01798621,0.01798621,0.01798621,0.7952456
1.2.826.0.1.3680043.8.498.10359672296099130324228345833494116858,0.01798621,0.01798621,0.01798621,0.01798621,0.01798621,0.01798621,0.5,0.5,0.01798621,0.01798621,0.01798621,0.01798621,0.01798621,0.7952456
1.2.826.0.1.3680043.8.498.10738775948751647757965781019360384775,0.01798621,0.01798621,0.038679495,0.01798621,0.5,0.01798621,0.8482858,0.48128423,0.01798621,0.01798621,0.01798621,0.01798621,0.01798621,0.96787435
1.2.826.0.1.3680043.8.498.10551593649873686918842767133326373332,0.01798621,0.01798621,0.01798621,0.01798621,0.4029797,0.01798621,0.98201376,0.5,0.01798621,0.01798621,0.01798621,0.01798621,0.01798621,0.9955221
1.2.826.0.1.3680043.8.498.10729383707256534709190370608251932252,0.01798621,0.01798621,0.01798621,0.01798621,0.01798621,0.01798621,0.5,0.5,0.01798621,0.01798621,0.01798621,0.01798621,0.01798621,0.7952456
1.2.826.0.1.3680043.8.498.10627639442366859249259964455277341363,0.01798621,0.01798621,0.01798621,0.01798621,0.01798621,0.01798621,0.5,0.5,0.01798621,0.01798621,0.01798621,0.01798621,0.01798621,0.7952456
1.2.826.0.1.3680043.8.498.11073715674457260663199117206343573882,0.01798621,0.01798621,0.01798621,0.01798621,0.01798621,0.01798621,0.5,0.5,0.01798621,0.01798621,0.01798621,0.01798621,0.01798621,0.7952456
1.2.826.0.1.3680043.8.498.10607580708371334840797048741181101985,0.01798621,0.01798621,0.01798621,0.01798621,0.01798621,0.01798621,0.5,0.5,0.01798621,0.01798621,0.01798621,0.01798621,0.01798621,0.7952456
1.2.826.0.1.3680043.8.498.10143240284902513794767720489625125957,0.01798621,0.01798621,0.01798621,0.01798621,0.04077211,0.01798621,0.5795362,0.5,0.01798621,0.01798621,0.01798621,0.01798621,0.01798621,0.83181155
1.2.826.0.1.3680043.8.498.10129580404994628606227497184499173213,0.01798621,0.01798621,0.01798621,0.01798621,0.22828509,0.01798621,0.98201376,0.5,0.01798621,0.01798621,0.01798621,0.01798621,0.01798621,0.9942118
1.2.826.0.1.3680043.8.498.10359152343800583484178508356859412682,0.01798621,0.01798621,0.01798621,0.01798621,0.01798621,0.01798621,0.5,0.5,0.01798621,0.01798621,0.01798621,0.01798621,0.01798621,0.7952456
1.2.826.0.1.3680043.8.498.10177117050965285724806213067235546942,0.01798621,0.01798621,0.01798621,0.01798621,0.01798621,0.01798621,0.558473,0.5,0.01798621,0.01798621,0.01798621,0.01798621,0.01798621,0.8191908
1.2.826.0.1.3680043.8.498.10279241748840563000265361429813924648,0.01798621,0.01798621,0.01798621,0.01798621,0.01798621,0.01798621,0.5,0.5,0.01798621,0.01798621,0.01798621,0.01798621,0.01798621,0.7952456
1.2.826.0.1.3680043.8.498.10286928628364857471106481643702112367,0.01798621,0.01798621,0.01798621,0.01798621,0.5,0.01798621,0.7518537,0.5,0.01798621,0.01798621,0.01798621,0.01798621,0.01798621,0.94826037
1.2.826.0.1.3680043.8.498.10116626135148932224643146695383345963,0.01798621,0.01798621,0.01798621,0.01798621,0.01798621,0.01798621,0.5,0.5,0.01798621,0.01798621,0.01798621,0.01798621,0.01798621,0.7952456
1.2.826.0.1.3680043.8.498.10588154059476184943792530431613685121,0.01798621,0.01798621,0.01798621,0.01798621,0.5,0.01798621,0.95335734,0.49957588,0.01798621,0.01798621,0.01798621,0.01798621,0.01798621,0.99026656
1.2.826.0.1.3680043.8.498.10819464732175268902195248458785776039,0.01798621,0.01798621,0.01798621,0.01798621,0.01798621,0.01798621,0.7707471,0.5,0.01798621,0.01798621,0.01798621,0.01798621,0.01798621,0.9061189
1.2.826.0.1.3680043.8.498.10476075045113226065307793065393571000,0.01798621,0.01798621,0.01798621,0.01798621,0.01798621,0.01798621,0.5,0.5,0.01798621,0.01798621,0.01798621,0.01798621,0.01798621,0.7952456
1.2.826.0.1.3680043.8.498.10329432108222030224306815825905716779,0.01798621,0.01798621,0.01798621,0.01798621,0.5,0.01798621,0.98201376,0.5,0.01798621,0.01798621,0.01798621,0.01798621,0.01798621,0.9962498
1.2.826.0.1.3680043.8.498.11093411025320459607001037215554440047,0.01798621,0.01798621,0.01798621,0.01798621,0.4621496,0.01798621,0.98201376,0.5,0.01798621,0.01798621,0.01798621,0.01798621,0.01798621,0.9959659
1.2.826.0.1.3680043.8.498.10126487256624050201543415947047895825,0.01798621,0.01798621,0.01798621,0.01798621,0.01798621,0.01798621,0.56626976,0.5,0.01798621,0.01798621,0.01798621,0.01798621,0.01798621,0.82238364
1.2.826.0.1.3680043.8.498.10163827504601437014258638041508575801,0.25889552,0.25679508,0.2535635,0.2576611,0.24816032,0.24401599,0.7193898,0.23829193,0.2557696,0.25673458,0.25449774,0.23734705,0.23560466,0.9910863
1.2.826.0.1.3680043.8.498.10395166059091428751583405313299534442,0.2605114,0.25967002,0.25176796,0.25775272,0.24753694,0.24346246,0.71681994,0.23785098,0.25511622,0.25659057,0.25428897,0.23832649,0.23372447,0.9909967
1.2.826.0.1.3680043.8.498.10557979063651009599662513943433444820,0.01798621,0.01798621,0.01798621,0.01798621,0.01798621,0.01798621,0.5,0.5,0.01798621,0.01798621,0.01798621,0.01798621,0.01798621,0.7952456
1.2.826.0.1.3680043.8.498.10407875508896326574293014608024081187,0.01798621,0.01798621,0.01798621,0.01798621,0.36685923,0.01798621,0.98201376,0.5,0.01798621,0.01798621,0.01798621,0.01798621,0.01798621,0.9952512
1.2.826.0.1.3680043.8.498.10893763532618482362918778416477589420,0.01798621,0.01798621,0.01798621,0.01798621,0.01798621,0.01798621,0.5,0.5,0.01798621,0.01798621,0.01798621,0.01798621,0.01798621,0.7952456
1.2.826.0.1.3680043.8.498.10595241703564671248403930084633580071,0.01798621,0.01798621,0.01798621,0.01798621,0.5,0.01798621,0.98201376,0.5,0.01798621,0.01798621,0.01798621,0.01798621,0.01798621,0.9962498
1.2.826.0.1.3680043.8.498.10863499657940265441624573364151465623,0.01798621,0.01798621,0.01798621,0.01798621,0.028118487,0.01798621,0.98201376,0.5,0.01798621,0.01798621,0.01798621,0.01798621,0.01798621,0.9927105
1.2.826.0.1.3680043.8.498.10338035746158737411128707158820194080,0.01798621,0.01798621,0.01798621,0.01798621,0.01798621,0.01798621,0.5,0.5,0.01798621,0.01798621,0.01798621,0.01798621,0.01798621,0.7952456
1.2.826.0.1.3680043.8.498.10133777372284957640897520050991895887,0.01798621,0.01798621,0.01798621,0.01798621,0.46404085,0.01798621,0.55889875,0.5,0.01798621,0.01798621,0.01798621,0.01798621,0.01798621,0.9014139
1.2.826.0.1.3680043.8.498.10168980078157176521154364692096920137,0.01798621,0.01798621,0.01798621,0.01798621,0.01798621,0.01798621,0.5,0.5,0.01798621,0.01798621,0.01798621,0.01798621,0.01798621,0.7952456
1.2.826.0.1.3680043.8.498.10505338195076532693039854875465522705,0.01798621,0.01798621,0.01798621,0.01798621,0.01798621,0.01798621,0.5,0.5,0.01798621,0.01798621,0.01798621,0.01798621,0.01798621,0.7952456
1.2.826.0.1.3680043.8.498.10083588592953106038022099657923782077,0.01798621,0.01798621,0.01798621,0.01798621,0.01798621,0.01798621,0.5,0.5,0.01798621,0.01798621,0.01798621,0.01798621,0.01798621,0.7952456
1.2.826.0.1.3680043.8.498.10873071072204815817653190535323985529,0.01798621,0.01798621,0.01798621,0.01798621,0.01798621,0.01798621,0.5,0.5,0.01798621,0.01798621,0.01798621,0.01798621,0.01798621,0.7952456
1.2.826.0.1.3680043.8.498.10341844458086026210849785187845754012,0.01798621,0.01798621,0.01798621,0.01798621,0.01798621,0.01798621,0.5,0.5,0.01798621,0.01798621,0.01798621,0.01798621,0.01798621,0.7952456
1.2.826.0.1.3680043.8.498.10212302880573111557869412819411272803,0.01798621,0.01798621,0.01798621,0.01798621,0.01798621,0.01798621,0.5,0.5,0.01798621,0.01798621,0.01798621,0.01798621,0.01798621,0.7952456
1.2.826.0.1.3680043.8.498.10634006265038673651224515998705774412,0.01798621,0.01798621,0.01798621,0.01798621,0.01798621,0.01798621,0.5,0.5,0.01798621,0.01798621,0.01798621,0.01798621,0.01798621,0.7952456
1.2.826.0.1.3680043.8.498.10294400907809514329438115937079270966,0.01798621,0.01798621,0.01798621,0.01798621,0.038578916,0.01798621,0.5,0.5,0.01798621,0.01798621,0.01798621,0.01798621,0.01798621,0.7995392
1.2.826.0.1.3680043.8.498.10481357868793978665297592037244681787,0.01798621,0.01798621,0.01798621,0.01798621,0.33293355,0.01798621,0.98201376,0.5,0.01798621,0.01798621,0.01798621,0.01798621,0.01798621,0.9949967
1.2.826.0.1.3680043.8.498.11067140829083042344950163072705216680,0.01798621,0.01798621,0.01798621,0.01798621,0.01798621,0.01798621,0.5,0.5,0.01798621,0.01798621,0.01798621,0.01798621,0.01798621,0.7952456
1.2.826.0.1.3680043.8.498.10519664347933911800470308583213770486,0.01798621,0.01798621,0.01798621,0.01798621,0.01798621,0.01798621,0.5,0.5,0.01798621,0.01798621,0.01798621,0.01798621,0.01798621,0.7952456
1.2.826.0.1.3680043.8.498.10426108253890352854997484052205138922,0.01798621,0.01798621,0.01798621,0.01798621,0.01798621,0.01798621,0.5,0.5,0.01798621,0.01798621,0.01798621,0.01798621,0.01798621,0.7952456
1.2.826.0.1.3680043.8.498.10722800211075505723355529389755974828,0.01798621,0.01798621,0.01798621,0.01798621,0.01798621,0.01798621,0.50871974,0.5,0.01798621,0.01798621,0.01798621,0.01798621,0.01798621,0.7988164
1.2.826.0.1.3680043.8.498.10186041198879318410917325125181341286,0.01798621,0.01798621,0.01798621,0.01798621,0.01798621,0.01798621,0.5,0.5,0.01798621,0.01798621,0.01798621,0.01798621,0.01798621,0.7952456
1.2.826.0.1.3680043.8.498.10929608782694347957516071062422315982,0.01798621,0.01798621,0.01798621,0.01798621,0.01798621,0.01798621,0.53887665,0.5,0.01798621,0.01798621,0.01798621,0.01798621,0.01798621,0.8111659
1.2.826.0.1.3680043.8.498.10232762689430514958235799084476946744,0.01798621,0.01798621,0.01798621,0.01798621,0.01798621,0.01798621,0.5,0.5,0.01798621,0.01798621,0.01798621,0.01798621,0.01798621,0.7952456
1.2.826.0.1.3680043.8.498.10046318991957083423208748012349179640,0.01798621,0.01798621,0.01798621,0.01798621,0.01798621,0.01798621,0.5696876,0.5,0.01798621,0.01798621,0.01798621,0.01798621,0.01798621,0.8237833
1.2.826.0.1.3680043.8.498.10332989797483432207586094426921490236,0.01798621,0.01798621,0.01798621,0.01798621,0.01798621,0.01798621,0.5,0.5,0.01798621,0.01798621,0.01798621,0.01798621,0.01798621,0.7952456
1.2.826.0.1.3680043.8.498.10454327297553204490923410368336760336,0.01798621,0.01798621,0.01798621,0.01798621,0.01798621,0.01798621,0.5,0.5,0.01798621,0.01798621,0.01798621,0.01798621,0.01798621,0.7952456
1.2.826.0.1.3680043.8.498.10935550678986448920302651361294862056,0.01798621,0.01798621,0.01798621,0.01798621,0.01798621,0.01798621,0.5,0.5,0.01798621,0.01798621,0.01798621,0.01798621,0.01798621,0.7952456
1.2.826.0.1.3680043.8.498.10685990781415999986222919698511774045,0.01798621,0.01798621,0.01798621,0.01798621,0.01798621,0.01798621,0.5,0.5,0.01798621,0.01798621,0.01798621,0.01798621,0.01798621,0.7952456
1.2.826.0.1.3680043.8.498.10755065517210841113426675991883996889,0.01798621,0.01798621,0.01798621,0.01798621,0.01798621,0.01798621,0.5,0.5,0.01798621,0.01798621,0.01798621,0.01798621,0.01798621,0.7952456
1.2.826.0.1.3680043.8.498.10414068478879888651259012434169334258,0.01798621,0.01798621,0.01798621,0.01798621,0.01798621,0.01798621,0.5,0.5,0.01798621,0.01798621,0.01798621,0.01798621,0.01798621,0.7952456
1.2.826.0.1.3680043.8.498.10920681334782090967327133178798765117,0.01798621,0.01798621,0.01798621,0.01798621,0.01798621,0.01798621,0.5,0.5,0.01798621,0.01798621,0.01798621,0.01798621,0.01798621,0.7952456
1.2.826.0.1.3680043.8.498.10956467828395104300010952749367631053,0.01798621,0.01798621,0.01798621,0.01798621,0.4214377,0.01798621,0.98201376,0.5,0.01798621,0.01798621,0.01798621,0.01798621,0.01798621,0.99566054
1.2.826.0.1.3680043.8.498.10783586076403918900057381253415239230,0.01798621,0.01798621,0.01798621,0.01798621,0.01798621,0.01798621,0.5,0.5,0.01798621,0.01798621,0.01798621,0.01798621,0.01798621,0.7952456
1.2.826.0.1.3680043.8.498.10237346404947508483392228545497384153,0.01798621,0.01798621,0.01798621,0.01798621,0.01798621,0.01798621,0.5,0.5,0.01798621,0.01798621,0.01798621,0.01798621,0.01798621,0.7952456
1.2.826.0.1.3680043.8.498.11024186785729776851960279299394139142,0.01798621,0.01798621,0.031971093,0.01798621,0.5,0.01798621,0.7629565,0.5,0.01798621,0.01798621,0.01798621,0.01798621,0.01798621,0.95127916
1.2.826.0.1.3680043.8.498.10410600166004340343973545138447283460,0.01798621,0.01798621,0.01798621,0.01798621,0.01798621,0.01798621,0.5,0.5,0.01798621,0.01798621,0.01798621,0.01798621,0.01798621,0.7952456
1.2.826.0.1.3680043.8.498.10220365367013559992095908932821694373,0.01798621,0.01798621,0.01798621,0.01798621,0.01798621,0.01798621,0.5,0.5,0.01798621,0.01798621,0.01798621,0.01798621,0.01798621,0.7952456
1.2.826.0.1.3680043.8.498.10994313443065838323466589218646119719,0.01798621,0.01798621,0.01798621,0.01798621,0.01798621,0.01798621,0.5,0.5,0.01798621,0.01798621,0.01798621,0.01798621,0.01798621,0.7952456
1.2.826.0.1.3680043.8.498.10570221282339074994072207051633970308,0.01798621,0.01798621,0.01798621,0.01798621,0.5,0.01798621,0.9605144,0.5,0.01798621,0.01798621,0.01798621,0.01798621,0.01798621,0.99176705
1.2.826.0.1.3680043.8.498.11019101980573889157112037207769236902,0.01798621,0.01798621,0.01798621,0.01798621,0.01798621,0.01798621,0.5,0.5,0.01798621,0.01798621,0.01798621,0.01798621,0.01798621,0.7952456
1.2.826.0.1.3680043.8.498.10101061475536996465167813138158739213,0.01798621,0.01798621,0.01798621,0.01798621,0.01798621,0.01798621,0.5,0.5,0.01798621,0.01798621,0.01798621,0.01798621,0.01798621,0.7952456
1.2.826.0.1.3680043.8.498.10859480151886218035784959667246455769,0.01798621,0.01798621,0.01798621,0.01798621,0.01798621,0.01798621,0.5491638,0.5,0.01798621,0.01798621,0.01798621,0.01798621,0.01798621,0.8153786
1.2.826.0.1.3680043.8.498.10034081836061566510187499603024895557,0.01798621,0.01798621,0.01798621,0.01798621,0.01798621,0.01798621,0.5,0.5,0.01798621,0.01798621,0.01798621,0.01798621,0.01798621,0.7952456
1.2.826.0.1.3680043.8.498.10921364076713776855529289716644865328,0.01798621,0.01798621,0.01798621,0.01798621,0.01798621,0.01798621,0.5934707,0.5,0.01798621,0.01798621,0.01798621,0.01798621,0.01798621,0.8335227
1.2.826.0.1.3680043.8.498.10861392989814068464162274925958278728,0.01798621,0.01798621,0.01798621,0.01798621,0.23022862,0.01798621,0.98201376,0.5,0.01798621,0.01798621,0.01798621,0.01798621,0.01798621,0.9942264
1.2.826.0.1.3680043.8.498.10708743030161480018543645383380662288,0.01798621,0.01798621,0.01798621,0.01798621,0.5,0.01798621,0.98201376,0.5,0.01798621,0.01798621,0.01798621,0.01798621,0.01798621,0.9962498
1.2.826.0.1.3680043.8.498.10009383108068795488741533244914370182,0.01798621,0.01798621,0.01798621,0.01798621,0.01798621,0.01798621,0.5,0.5,0.01798621,0.01798621,0.01798621,0.01798621,0.01798621,0.7952456
1.2.826.0.1.3680043.8.498.10760644681012726742070280772751417129,0.01798621,0.01798621,0.01798621,0.01798621,0.01798621,0.01798621,0.6711199,0.5,0.01798621,0.01798621,0.01798621,0.01798621,0.01798621,0.8653207
1.2.826.0.1.3680043.8.498.10493764312822878031658845292081871956,0.01798621,0.01798621,0.01798621,0.01798621,0.01798621,0.01798621,0.5,0.5,0.01798621,0.01798621,0.01798621,0.01798621,0.01798621,0.7952456
1.2.826.0.1.3680043.8.498.10709122041211146675577757495858945293,0.01798621,0.01798621,0.01798621,0.01798621,0.01798621,0.01798621,0.98201376,0.5,0.01798621,0.01798621,0.01798621,0.01798621,0.01798621,0.9926345
1.2.826.0.1.3680043.8.498.10372690324038201931702997261629536915,0.01798621,0.01798621,0.01798621,0.01798621,0.27131325,0.01798621,0.5,0.5,0.01798621,0.01798621,0.01798621,0.01798621,0.01798621,0.84806544
1.2.826.0.1.3680043.8.498.10838261583340080792086755879475952843,0.01798621,0.01798621,0.01798621,0.01798621,0.01798621,0.01798621,0.5,0.5,0.01798621,0.01798621,0.01798621,0.01798621,0.01798621,0.7952456
1.2.826.0.1.3680043.8.498.10242740813399049394757933972926370746,0.01798621,0.01798621,0.01798621,0.01798621,0.5,0.01798621,0.90777445,0.35717514,0.01798621,0.01798621,0.01798621,0.01798621,0.01798621,0.97527766
1.2.826.0.1.3680043.8.498.10172626607552095496094268567506878754,0.01798621,0.01798621,0.01798621,0.01798621,0.01798621,0.01798621,0.9698748,0.5,0.01798621,0.01798621,0.01798621,0.01798621,0.01798621,0.98766345
1.2.826.0.1.3680043.8.498.10368748357419659034341053526882715967,0.01798621,0.01798621,0.01798621,0.01798621,0.01798621,0.01798621,0.5,0.5,0.01798621,0.01798621,0.01798621,0.01798621,0.01798621,0.7952456
1.2.826.0.1.3680043.8.498.10917174258607134469794437390965910075,0.01798621,0.01798621,0.01798621,0.01798621,0.01798621,0.01798621,0.5,0.5,0.01798621,0.01798621,0.01798621,0.01798621,0.01798621,0.7952456
1.2.826.0.1.3680043.8.498.10743364737739107892685229624785612145,0.01798621,0.01798621,0.01798621,0.01798621,0.01798621,0.01798621,0.5,0.5,0.01798621,0.01798621,0.01798621,0.01798621,0.01798621,0.7952456
1.2.826.0.1.3680043.8.498.10492528290352309410833604805726457240,0.01798621,0.01798621,0.01798621,0.01798621,0.5,0.01798621,0.5,0.5,0.01798621,0.01798621,0.01798621,0.01798621,0.01798621,0.89574766
1.2.826.0.1.3680043.8.498.10633029764731181926825032640422192656,0.24357572,0.24442886,0.23651434,0.25292197,0.23290083,0.2315418,0.70566595,0.7077617,0.24340053,0.24017237,0.24198247,0.2193844,0.23100808,0.9956761
1.2.826.0.1.3680043.8.498.10095912539619532839962135126795591815,0.01798621,0.01798621,0.01798621,0.01798621,0.12139805,0.01798621,0.9223404,0.5,0.01798621,0.01798621,0.01798621,0.01798621,0.01798621,0.97154665
1.2.826.0.1.3680043.8.498.10517616625459996877182972890138634409,0.01798621,0.01798621,0.01798621,0.01798621,0.01798621,0.01798621,0.5,0.5,0.01798621,0.01798621,0.01798621,0.01798621,0.01798621,0.7952456
1.2.826.0.1.3680043.8.498.10245631466184909766661730547792670102,0.01798621,0.01798621,0.01798621,0.01798621,0.01798621,0.01798621,0.5,0.5,0.01798621,0.01798621,0.01798621,0.01798621,0.01798621,0.7952456
1.2.826.0.1.3680043.8.498.11061783763510819390112323592336509856,0.01798621,0.01798621,0.01798621,0.01798621,0.01798621,0.01798621,0.5,0.5,0.01798621,0.01798621,0.01798621,0.01798621,0.01798621,0.7952456
1.2.826.0.1.3680043.8.498.10460045003530493928719986814430448039,0.01798621,0.01798621,0.01798621,0.01798621,0.01798621,0.01798621,0.52434987,0.5,0.01798621,0.01798621,0.01798621,0.01798621,0.01798621,0.805217
1.2.826.0.1.3680043.8.498.10380167603789466500184133137861530473,0.01798621,0.01798621,0.01798621,0.01798621,0.01798621,0.01798621,0.66022,0.5,0.01798621,0.01798621,0.01798621,0.01798621,0.01798621,0.86085707
1.2.826.0.1.3680043.8.498.10966504312607164580595623222441836010,0.01798621,0.01798621,0.01798621,0.01798621,0.01798621,0.01798621,0.5,0.5,0.01798621,0.01798621,0.01798621,0.01798621,0.01798621,0.7952456
1.2.826.0.1.3680043.8.498.10161806953566875622930260306554507426,0.01798621,0.01798621,0.01798621,0.01798621,0.01798621,0.01798621,0.5,0.5,0.01798621,0.01798621,0.01798621,0.01798621,0.01798621,0.7952456
1.2.826.0.1.3680043.8.498.10859811248367175385015606517173337848,0.01798621,0.01798621,0.01798621,0.01798621,0.01798621,0.01798621,0.5,0.5,0.01798621,0.01798621,0.01798621,0.01798621,0.01798621,0.7952456
1.2.826.0.1.3680043.8.498.10955393267716025028591524385872853904,0.01798621,0.01798621,0.01798621,0.01798621,0.5,0.01798621,0.98201376,0.5,0.01798621,0.01798621,0.01798621,0.01798621,0.01798621,0.9962498
1.2.826.0.1.3680043.8.498.10570825552673080975259324919232350645,0.01798621,0.01798621,0.01798621,0.01798621,0.01798621,0.01798621,0.5,0.5,0.01798621,0.01798621,0.01798621,0.01798621,0.01798621,0.7952456
1.2.826.0.1.3680043.8.498.10070371997983281654193426002305027111,0.01798621,0.01798621,0.01798621,0.01798621,0.01798621,0.01798621,0.5,0.5,0.01798621,0.01798621,0.01798621,0.01798621,0.01798621,0.7952456
1.2.826.0.1.3680043.8.498.10484360976328944029400898545740347556,0.01798621,0.01798621,0.01798621,0.01798621,0.4606954,0.01798621,0.5,0.5,0.01798621,0.01798621,0.01798621,0.01798621,0.01798621,0.8875525
1.2.826.0.1.3680043.8.498.10221223003274066645389576091413528073,0.01798621,0.01798621,0.01798621,0.01798621,0.5,0.01798621,0.9462769,0.5,0.01798621,0.01798621,0.01798621,0.01798621,0.01798621,0.9887985
1.2.826.0.1.3680043.8.498.10936156451495480877784464707632473810,0.01798621,0.01798621,0.01798621,0.01798621,0.01798621,0.01798621,0.5,0.5,0.01798621,0.01798621,0.01798621,0.01798621,0.01798621,0.7952456
1.2.826.0.1.3680043.8.498.10256018119694768427929632156620347034,0.01798621,0.01798621,0.01798621,0.01798621,0.01798621,0.01798621,0.73501104,0.5,0.01798621,0.01798621,0.01798621,0.01798621,0.01798621,0.8914847
1.2.826.0.1.3680043.8.498.10960467202537249314034213241421770874,0.01798621,0.01798621,0.01798621,0.01798621,0.01798621,0.01798621,0.5,0.5,0.01798621,0.01798621,0.01798621,0.01798621,0.01798621,0.7952456
1.2.826.0.1.3680043.8.498.10023411164590664678534044036963716636,0.01798621,0.01798621,0.01798621,0.01798621,0.01798621,0.01798621,0.5,0.5,0.01798621,0.01798621,0.01798621,0.01798621,0.01798621,0.7952456
1.2.826.0.1.3680043.8.498.11074147095352439934515409762357252407,0.01798621,0.01798621,0.01798621,0.01798621,0.01798621,0.01798621,0.5,0.5,0.01798621,0.01798621,0.01798621,0.01798621,0.01798621,0.7952456
